time_logged,left_EAR,right_EAR,total_EAR,average_EAR,derivation,is_blink
1714871892.080768,0.32214269063462986,0.34569957581881916,0.3339211332267245,0.2674096018653668,0.06651153136135773,False
1714871892.1423051,0.29347826086956524,0.3245945101352995,0.3090363855024324,0.2674926892578559,0.04154369624457649,False
1714871892.2030451,0.31521739130434784,0.3248984850826399,0.3200579381934939,0.2675974009091221,0.05246053728437178,False
1714871892.2644968,0.3111111111111111,0.34569957581881916,0.32840534346496514,0.26771829145098264,0.0606870520139825,False
1714871892.325345,0.31521739130434784,0.33289588782552954,0.3240566395649387,0.2678300738877166,0.05622656567722206,False
1714871892.385749,0.31150743164020217,0.3245945101352995,0.3180509708877508,0.26792952120850877,0.050121449679242036,False
1714871892.446784,0.3226185427513133,0.32009219983223997,0.3213553712917766,0.2680351058924678,0.053320265399308786,False
1714871892.510592,0.3,0.33289588782552954,0.31644794391276476,0.26813059472485506,0.0483173491879097,False
1714871892.572008,0.32222222222222224,0.3245945101352995,0.3234083661787609,0.2682394092355911,0.05516895694316981,False
1714871892.632958,0.30427593572901795,0.3240897757137483,0.31418285572138316,0.26832967140943353,0.045853184311949624,False
1714871892.6940212,0.31521739130434784,0.3245945101352995,0.31990595071982364,0.26843080136886566,0.05147514935095798,False
1714871892.755223,0.3,0.3245945101352995,0.3122972550676497,0.26851664570095723,0.04378060936669248,False
1714871892.81709,0.3158923783861689,0.3245945101352995,0.3202434442607342,0.2686176746043943,0.051625769656339915,False
1714871892.8785431,0.32222222222222224,0.34619129902869,0.3342067606254561,0.26874552857324624,0.06546123205220988,False
1714871892.9413161,0.32259218198192124,0.3370789143712726,0.3298355481765969,0.26886438075146285,0.06097116742513403,False
1714871893.0021691,0.3,0.32507397131300514,0.31253698565650256,0.26894918192603573,0.043587803730466834,False
1714871893.063005,0.3111111111111111,0.3121101058993264,0.31161060850521877,0.26903185910932875,0.042578749395890014,False
1714871893.1235561,0.3114305447004551,0.3424920187160222,0.3269612817082387,0.2691439082826342,0.0578173734256045,False
1714871893.1948411,0.3003221760578817,0.3174471140123794,0.3088846450351306,0.26922062785165446,0.03966401718347612,False
1714871893.2585468,0.3111111111111111,0.35033639757191204,0.3307237543415116,0.26933913098554624,0.06138462335596534,False
1714871893.319375,0.32259218198192124,0.3248984850826399,0.3237453335322806,0.26944375829813616,0.05430157523414442,False
1714871893.3804421,0.2825419403198024,0.3253783952642002,0.3039601677920013,0.26951000860426644,0.03445015918773486,False
1714871893.442202,0.2721912454216554,0.30585365108777557,0.28902244825471546,0.26954738875685347,0.01947505949786199,False
1714871893.503757,0.28441989956875796,0.29162789987439064,0.2880238997215743,0.2695827166936885,0.018441183027885777,False
1714871893.5664058,0.31825771024855704,0.3180996749461181,0.31817869259733755,0.2696754571057184,0.04850323549161917,False
1714871893.628706,0.3295640064670237,0.3185048981187271,0.3240344522928754,0.26977899804893196,0.05425545424394346,False
1714871893.690633,0.3384265642027798,0.3184779452010219,0.32845225470190087,0.26989054416424185,0.05856171053765902,False
1714871893.752237,0.3160203069701833,0.30734258908752116,0.3116814480288522,0.2699698437920684,0.04171160423678383,False
1714871893.8135302,0.3147876430348551,0.30734258908752116,0.31106511606118814,0.2700476757471236,0.04101744031406457,False
1714871893.87586,0.2752063169769808,0.2623704165189416,0.2687883667479612,0.2700452952008114,0.0012569284528501923,False
1714871893.937637,0.09434449624288224,0.07458333568425923,0.08446391596357074,0.26969514165508074,0.18523122569151002,False
1714871894.0016892,0.20673591652123957,0.17857142857142858,0.1926536725463341,0.2695500541426349,0.0768963815963008,False
1714871894.0627599,0.28064474956566166,0.2673695691107843,0.27400715933822295,0.2695584321599198,0.004448727178303136,False
1714871894.124206,0.3036043658860574,0.2792515316988507,0.29142794879245404,0.26959946314797334,0.0218284856444807,False
1714871894.183697,0.30961553184468704,0.2909207316238505,0.3002681317342688,0.2696568951116181,0.030611236622650695,False
1714871894.245423,0.2915375418969009,0.2792515316988507,0.2853945367978758,0.2696863112643027,0.015708225533573095,False
1714871894.306875,0.3036043658860574,0.2792515316988507,0.29142794879245404,0.2697268740208851,0.021701074771568962,False
1714871894.3691158,0.3208585446575901,0.27312940788214946,0.2969939762698698,0.26977765074760574,0.02721632552226405,False
1714871894.4305332,0.284694338555956,0.26129616156288277,0.2729952500594194,0.2697836314154715,0.0032116186439478667,False
1714871894.4914,0.29722649815006297,0.27899433298516624,0.28811041556761463,0.26981763287029925,0.01829278269731538,False
1714871894.552019,0.29722649815006297,0.27899433298516624,0.28811041556761463,0.26985150839381283,0.018258907173801797,False
1714871894.612788,0.3019152447515773,0.27899433298516624,0.2904547888683718,0.26988959209154767,0.020565196776824113,False
1714871894.6744692,0.2923096008850777,0.2794778601420811,0.28589373051357936,0.26991912002221563,0.015974610491363728,False
1714871894.738594,0.2909207316238505,0.2792515316988507,0.2850861316613506,0.26994705190368734,0.015139079757663265,False
1714871894.800364,0.29781266169648407,0.2794778601420811,0.28864526091928255,0.2699814236114366,0.018663837307845932,False
1714871894.8615072,0.29781266169648407,0.2858855095814785,0.29184908563898126,0.2700215477619458,0.021827537877035452,False
1714871894.921209,0.29781266169648407,0.2792515316988507,0.2885320966976674,0.27005544986622376,0.01847664683144362,False
1714871894.982209,0.27883326429273,0.2792515316988507,0.27904239799579034,0.2700718793874844,0.008970518608305944,False
1714871895.0435991,0.2903742545221537,0.2794778601420811,0.2849260573321174,0.27009898555161693,0.014827071780500467,False
1714871895.1050339,0.29781266169648407,0.2799613872989959,0.28888702449773995,0.27013320784477923,0.01875381665296072,False
1714871895.1667368,0.2986952152161631,0.2787683961148091,0.28873180566548606,0.2701670234771805,0.01856478218830554,False
1714871895.2278242,0.3153800655245788,0.295783492765433,0.3055817791450059,0.2702312970809334,0.035350482064072486,False
1714871895.288237,0.3103972808198987,0.28470602702615827,0.2975516539230285,0.27028079048100967,0.027270863442018844,False
1714871895.348924,0.28541999814739677,0.28379788074156237,0.28460893944447957,0.2703067003344698,0.014302239110009773,False
1714871895.409612,0.2903742545221537,0.2962508808575592,0.2933125676898565,0.2703482271708514,0.02296434051900509,False
1714871895.474255,0.3032413986799938,0.27793013441649805,0.2905857665482459,0.2703846912057656,0.020201075342480335,False
1714871895.536087,0.3019152447515773,0.28427005887402607,0.2930926518128017,0.27042553286153365,0.02266711895126805,False
1714871895.59652,0.29781266169648407,0.291549070869065,0.29468086628277457,0.27046907924110497,0.024211787041669597,False
1714871895.657142,0.29781266169648407,0.2913129668452919,0.294562814270888,0.27051225797771744,0.024050556293170544,False
1714871895.71837,0.29781266169648407,0.2840175669161769,0.2909151143063305,0.27054875682624807,0.02036635748008242,False
1714871895.780454,0.29231660021472494,0.2747668387534673,0.2835417194840961,0.27057195854527993,0.012969760938816188,False
1714871895.84147,0.29722649815006297,0.3094361133017564,0.3033313057259097,0.2706303531035342,0.03270095262237549,False
1714871895.9021592,0.3090452104598988,0.3136144456291602,0.31132982804452947,0.2707027720980912,0.040627055946438284,False
1714871895.962699,0.2973566234553636,0.29106554371215015,0.2942110835837569,0.2707445275358987,0.02346655604785819,False
1714871896.023875,0.3103972808198987,0.29106554371215015,0.3007314122660244,0.27079769577123586,0.029933716494788543,False
1714871896.0846741,0.3065454783827665,0.291549070869065,0.29904727462591574,0.2708476950258459,0.028199579600069857,False
1714871896.1466649,0.29858394662220733,0.291549070869065,0.29506650874563617,0.2708904844493791,0.024176024296257093,False
1714871896.210688,0.30005266368830746,0.291549070869065,0.29580086727868626,0.2709344181051627,0.02486644917352354,False
1714871896.272535,0.30203795702737674,0.31386862460831205,0.3079532908178444,0.27099959217683994,0.03695369864100445,False
1714871896.335951,0.32522979546727726,0.3217620111046289,0.32349590328595307,0.2710918528290528,0.052404050456900275,False
1714871896.397198,0.326058407754093,0.31386862460831205,0.31996351618120256,0.2711775925893197,0.04878592359188283,False
1714871896.458476,0.25549277137793713,0.25,0.25274638568896857,0.27114531376812817,0.018398928079159604,False
1714871896.51927,0.1416920072586412,0.11389653851769076,0.12779427288816597,0.2708947000602961,0.14310042717213012,False
1714871896.580014,0.23436637168603042,0.2079306635676764,0.2211485176268534,0.2708078829879864,0.04965936536113302,False
1714871896.641619,0.29086688153696777,0.2985714212999714,0.2947191514184696,0.2708495402500604,0.02386961116840919,False
1714871896.702417,0.29928427523517165,0.29069767441860467,0.2949909748268882,0.27089152535367234,0.02409944947321585,False
1714871896.763527,0.30248870572249004,0.3032239933303546,0.3028563495264223,0.27094701984008335,0.03190932968633897,False
1714871896.824246,0.292358289331786,0.2849999930590636,0.2886791411954248,0.2709777514195553,0.01770138977586949,False
1714871896.884355,0.25784167320120227,0.2267842335847725,0.2423129533929874,0.2709281583433848,0.028615204950397405,False
1714871896.947998,0.08944271909999159,0.08526446899846679,0.08735359404922918,0.2706111038281963,0.18325750977896713,False
1714871897.008708,0.2583751130243852,0.25113376950366845,0.2547544412640268,0.2705837647548098,0.015829323490782976,False
1714871897.070764,0.29781266169648407,0.291549070869065,0.29468086628277457,0.270625239972586,0.024055626310188594,False
1714871897.131754,0.31009223280581233,0.2840175669161769,0.29705489986099465,0.2706706517593358,0.026384248101658847,False
1714871897.192477,0.32522979546727726,0.3217620111046289,0.32349590328595307,0.27076126111015336,0.052734642175799706,False
1714871897.252241,0.3336634000777734,0.29545454545454547,0.3145589727661594,0.2708362571917561,0.043722715574403326,False
1714871897.313631,0.3136144456291602,0.3022438607339301,0.3079291531815451,0.27089966385156766,0.03702948932997746,False
1714871897.37536,0.24385874525317386,0.22652754506608555,0.2351931451596297,0.2708387312258135,0.03564558606618379,False
1714871897.437288,0.13538234557160794,0.10929266456879604,0.122337505070202,0.270585747876315,0.148248242806113,False
1714871897.498888,0.23782574707724702,0.20782919240337877,0.2228274697403129,0.2705045263148592,0.04767705657454632,False
1714871897.560092,0.267153046276692,0.24450166938817045,0.2558273578324312,0.27047960752286865,0.014652249690437436,False
1714871897.620464,0.2792515316988507,0.25031011977381024,0.26478082573633044,0.27046994857068807,0.0056891228343576294,False
1714871897.684475,0.27921448142313315,0.26214772267500897,0.27068110204907103,0.2704703058523774,0.00021079619669361893,False
1714871897.745899,0.2903837459529261,0.281213858526054,0.28579880223949006,0.2704961985827611,0.015302603656728975,False
1714871897.807947,0.2840175669161769,0.2618314317675317,0.2729244993418543,0.2705002935250192,0.002424205816835112,False
1714871897.868892,0.2840175669161769,0.2724459655118999,0.27823176621403845,0.2705133094723072,0.007718456741731272,False
1714871897.930252,0.28881758470690955,0.27974136550677603,0.2842794751068428,0.2705364458851383,0.013743029221704506,False
1714871897.9913201,0.2727272727272727,0.27929528019845196,0.27601127646286233,0.2705456318424835,0.005465644620378851,False
1714871898.0519779,0.26660084742176265,0.26231646284201643,0.26445865513188954,0.27053543590159473,0.006076780769705192,False
1714871898.1130822,0.1599848609102663,0.1337111789902119,0.1468480199502391,0.27032860075786336,0.12348058080762425,False
1714871898.1744199,0.21688130057969765,0.21397683524947533,0.2154290679145865,0.27023694878316673,0.05480788086858024,False
1714871898.23649,0.25025706947441595,0.23820489716567092,0.24423098332004345,0.27019360550739485,0.025962622187351403,False
1714871898.298076,0.12424950029910135,0.08819275225623194,0.10622112627766664,0.2699207727632522,0.16369964648558558,False
1714871898.358882,0.13251016066124857,0.1225768042609599,0.12754348246110425,0.2696842656365045,0.14214078317540024,False
1714871898.421925,0.25077200389625703,0.24946495094632917,0.2501184774212931,0.269651818226529,0.019533340805235888,True
1714871898.483926,0.2724459655118999,0.28548211512404537,0.2789640403179726,0.2696672358127731,0.00929680450519954,False
1714871898.544895,0.2559963656801074,0.25049556321272065,0.253245964446414,0.26964009321547333,0.016394128769059324,False
1714871898.605855,0.3114810708708101,0.32887723756551474,0.32017915421816245,0.2697234910059068,0.05045566321225564,False
1714871898.667804,0.31514293343362576,0.32887723756551474,0.3220100854995702,0.26980963037080574,0.05220045512876448,False
1714871898.729739,0.3111111111111111,0.34105787599386717,0.32608449355248914,0.26990218771156504,0.056182305840924096,False
1714871898.7900648,0.32644887367796643,0.3495633186072456,0.338006096142606,0.27001401678944853,0.06799207935315749,False
1714871898.8512661,0.32214269063462986,0.3495633186072456,0.3358530046209377,0.2701219495563854,0.06573105506455229,False
1714871898.9116201,0.32600993113823357,0.3414634471398012,0.3337366891390174,0.2702260653331164,0.063510623805901,False
1714871898.9734988,0.34479132824312664,0.36189978890375607,0.35334555857344135,0.27036188149854173,0.08298367707489962,False
1714871899.0346382,0.322274043657999,0.3620477228432187,0.34216088325060884,0.27047900874446684,0.071681874506142,False
1714871899.095658,0.32214269063462986,0.3620477228432187,0.34209520673892424,0.27059564750341547,0.07149955923550877,False
1714871899.1596,0.2794778601420811,0.29448482384566077,0.28698134199387093,0.270622290909091,0.01635905108477992,False
1714871899.221071,0.1325168261931648,0.13215171020299618,0.13233426819808047,0.270397797365729,0.13806352916764852,False
1714871899.281479,0.27265686423952984,0.2866948015929312,0.27967583291623055,0.2704128347004948,0.00926299821573573,False
1714871899.3427799,0.3114041904374853,0.3370789143712726,0.3242415524043789,0.27049993618545254,0.05374161621892637,False
1714871899.4049861,0.3047097432431838,0.3370789143712726,0.3208943288072282,0.2705813487745023,0.050312980032725885,False
1714871899.465354,0.32214269063462986,0.3370789143712726,0.3296108025029512,0.27067655757083847,0.058934244932112745,False
1714871899.526453,0.31521739130434784,0.3495633186072456,0.3323903549557967,0.27077593566646646,0.06161441928933026,False
1714871899.587239,0.31103432199205644,0.3370789143712726,0.32405661818166454,0.2708615959277449,0.053195022253919644,False
1714871899.647372,0.3333333333333333,0.3495633186072456,0.34144832597028946,0.2709748972600764,0.07047342871021306,False
1714871899.709128,0.32222222222222224,0.34105787599386717,0.3316400491080447,0.2710721170547045,0.06056793205334016,False
1714871899.770366,0.3111111111111111,0.3245945101352995,0.3178528106232053,0.27114696616441414,0.04670584445879117,False
1714871899.831498,0.12403473458920845,0.10790660599072865,0.11597067028996855,0.2708990807077457,0.15492841041777716,False
1714871899.895488,0.24992916843603405,0.2556549962824568,0.25279208235924544,0.2708702019225009,0.018078119563255446,False
1714871899.956767,0.2844538725485445,0.31258956707703206,0.2985217198127883,0.270914233001944,0.027607486810844295,False
1714871900.018486,0.32214269063462986,0.3500086229195425,0.3360756567770862,0.271017828270267,0.06505782850681918,False
1714871900.079337,0.32222222222222224,0.34105787599386717,0.3316400491080447,0.27111405401762856,0.06052599509041612,False
1714871900.1408708,0.3181818181818182,0.32887723756551474,0.32352952787366646,0.2711971213296033,0.05233240654406318,False
1714871900.201556,0.31521739130434784,0.3414923453298604,0.32835486831710414,0.27128756080268474,0.05706730751441941,False
1714871900.262799,0.32222222222222224,0.33755837554897816,0.3298902988856002,0.27138014016774464,0.05851015871785553,False
1714871900.322604,0.32222222222222224,0.3500086229195425,0.33611542257088234,0.2714822462914089,0.06463317627947346,False
1714871900.383604,0.32214269063462986,0.329311706901508,0.32572719876806894,0.27156767141341936,0.05415952735464957,False
1714871900.443802,0.3159670133259903,0.35323851442221954,0.3346027638741049,0.27166678319401794,0.06293598068008699,False
1714871900.505387,0.32954545454545453,0.34105787599386717,0.3353016652696609,0.27176668096807705,0.06353498430158383,False
1714871900.5660748,0.30434782608695654,0.3414634471398012,0.3229056366133789,0.2718468360709694,0.05105880054240952,False
1714871900.629599,0.32222222222222224,0.34105787599386717,0.3316400491080447,0.2719404091743138,0.0596996399337309,False
1714871900.690051,0.3336209277226322,0.3414923453298604,0.3375566365262463,0.27204293452955114,0.06551370199669515,False
1714871900.752258,0.32259218198192124,0.3414923453298604,0.33204226365589085,0.27213653722709613,0.059905726428794714,False
1714871900.812454,0.32222222222222224,0.3370789143712726,0.32965056829674744,0.2722261229452732,0.05742444535147423,False
1714871900.873837,0.32222222222222224,0.3500086229195425,0.33611542257088234,0.2723254842199631,0.06378993835091923,False
1714871900.934348,0.3111111111111111,0.3535533905932738,0.3323322508521924,0.27241866242901935,0.05991358842317307,False
1714871900.994296,0.31103432199205644,0.31669659913716236,0.3138654605646094,0.27248292103078,0.04138253953382942,False
1714871901.0550022,0.31103432199205644,0.3293450326749711,0.3201896773335138,0.27255677049874083,0.04763290683477295,False
1714871901.115884,0.3111111111111111,0.3500086229195425,0.3305598670153268,0.2726464197978391,0.0579134472174877,False
1714871901.177564,0.32214269063462986,0.33755837554897816,0.329850533091804,0.2727346977504533,0.05711583534135073,False
1714871901.2390552,0.31103432199205644,0.32887723756551474,0.3199557797787856,0.2728074575070455,0.047148322271740095,False
1714871901.300103,0.3,0.316978901911211,0.3084894509556055,0.2728623528815817,0.035627098074023755,False
1714871901.364198,0.24392234660045795,0.26843774609657967,0.2561800463485188,0.27283672721870456,0.016656680870185736,False
1714871901.4254029,0.13571882963865423,0.13085598064755344,0.13328740514310383,0.27262269451613463,0.1393352893730308,False
1714871901.487,0.2198590086176062,0.2166365803419133,0.21824779447975975,0.2725394251439503,0.05429163066419054,False
1714871901.547848,0.30673897226947106,0.31669659913716236,0.3117177857033167,0.27259933089404104,0.03911845480927567,False
1714871901.609364,0.30673897226947106,0.3370789143712726,0.3219089433203718,0.2726746127450736,0.04923433057529819,False
1714871901.670414,0.32251255908005877,0.34105787599386717,0.331785217536963,0.2727647203743296,0.05902049716263341,False
1714871901.731362,0.31150743164020217,0.3370789143712726,0.32429317300573735,0.27284315028701056,0.051450022718726784,False
1714871901.7923992,0.32222222222222224,0.32887723756551474,0.3255497298938685,0.27292325147182345,0.05262647842204504,False
1714871901.852917,0.3111111111111111,0.31669659913716236,0.31390385512413677,0.27298543751681936,0.0409184176073174,False
1714871901.9140322,0.31103432199205644,0.3370789143712726,0.32405661818166454,0.27306281809358424,0.0509938000880803,False
1714871901.975316,0.1516431649357186,0.14778753409762624,0.14971534951667242,0.27287621072811236,0.12316086121143993,False
1714871902.037677,0.1561952679867699,0.1677587983464527,0.16197703316661127,0.2727086893118563,0.11073165614524505,False
1714871902.1022,0.29581457522519156,0.3332238103031604,0.31451919276417595,0.2727717519113319,0.04174744085284404,True
1714871902.163251,0.31431507146091403,0.3245945101352995,0.3194547907981068,0.2728420576927879,0.04661273310531888,False
1714871902.223828,0.3189101212913361,0.34105787599386717,0.32998399864260164,0.2729279854235395,0.05705601321906212,False
1714871902.2851908,0.30717527790183863,0.3495633186072456,0.3283692982545421,0.2730112306380005,0.055358067616541606,False
1714871902.3466282,0.30673897226947106,0.32887723756551474,0.3178081049174929,0.27307839236855447,0.04472971254893843,False
1714871902.408257,0.3185048981187271,0.3495633186072456,0.33403410836298636,0.2731696434404024,0.06086446492258396,False
1714871902.469196,0.3189101212913361,0.34105787599386717,0.32998399864260164,0.27325456773816353,0.056729430904438105,False
1714871902.529782,0.1599848609102663,0.14260806702380932,0.15129646396703783,0.2730725407176096,0.12177607675057178,False
1714871902.590326,0.11540658992955084,0.08219949365267866,0.09880304179111475,0.27281282462382944,0.17400978283271468,False
1714871902.650914,0.27453362311765334,0.2818003344447214,0.27816697878118735,0.2728207921151351,0.005346186666052244,True
1714871902.712202,0.3075805010744477,0.3245945101352995,0.3160875056048736,0.2728850814368138,0.043202424168059805,False
1714871902.773941,0.2962508808575592,0.33289588782552954,0.31457338434154436,0.27294693351827476,0.0416264508232696,False
1714871902.838515,0.3118267674088539,0.32887723756551474,0.3203520024871843,0.2730171632500806,0.04733483923710374,False
1714871902.899921,0.3147297133921469,0.3245945101352995,0.31966211176372317,0.2730861646532073,0.04657594711051588,False
1714871902.9605062,0.3189101212913361,0.3245945101352995,0.3217523157133178,0.27315804966215873,0.048594266051159074,False
1714871903.020442,0.3004267201156144,0.3171643942466187,0.3087955571811165,0.27321061235761446,0.03558494482350205,False
1714871903.08239,0.25084952066384747,0.27545869897003733,0.2631541098169424,0.2731958016027681,0.010041691785825646,False
1714871903.1439931,0.1840606820883147,0.18263631759994228,0.1833484998441285,0.27306367321782893,0.08971517337370044,False
1714871903.2048051,0.22060074439425564,0.24922453716336712,0.23491264077881138,0.2730076511437628,0.038095010364951415,False
1714871903.266413,0.21505649253221687,0.22972429451303916,0.22239039352262802,0.2729334322909459,0.050543038768317894,False
1714871903.3267672,0.19460170216420797,0.20152845558767216,0.19806507887594005,0.2728238153752578,0.07475873649931775,False
1714871903.387807,0.1840606820883147,0.17465799484264918,0.17935933846548194,0.27268717140316745,0.09332783293768551,False
1714871903.449006,0.1797008004447195,0.17212573686953736,0.17591326865712842,0.2725458956327353,0.09663262697560687,False
1714871903.509634,0.17200522903844537,0.17945122987162562,0.1757282294550355,0.27240476200856956,0.09667653255353406,False
1714871903.57375,0.17539573889232404,0.18904803763964365,0.18222188826598384,0.27227349144999224,0.0900516031840084,False
1714871903.635502,0.1886367725614113,0.17119577204812408,0.1799162723047677,0.27213925130588584,0.09222297900111814,False
1714871903.696435,0.1835752277455135,0.19850505570918067,0.19104014172734707,0.27202154577674426,0.08098140404939719,True
1714871903.7569249,0.17114085921606367,0.1627464918299975,0.16694367552303058,0.27186925900826064,0.10492558348523007,False
1714871903.817215,0.1886367725614113,0.17621580329100664,0.18242628792620896,0.2717398191079972,0.08931353118178825,False
1714871903.878413,0.1639623817449434,0.18059367893695663,0.17227803034095002,0.2715960881993743,0.09931805785842429,False
1714871903.939753,0.18346791554667397,0.19850505570918067,0.1909864856279273,0.2714797684265439,0.08049328279861662,False
1714871904.000704,0.255537696438575,0.26843774609657967,0.2619877212675773,0.2714660911251621,0.009478369857584823,False
1714871904.06196,0.29106554371215015,0.2996257016633534,0.2953456226877518,0.2715004501633817,0.023845172524370073,False
1714871904.122179,0.3022438607339301,0.29233532228045755,0.2972895915071938,0.27153750352738143,0.025752087979812377,False
1714871904.1821399,0.29581457522519156,0.2996257016633534,0.2977201384442725,0.27157506828335976,0.02614507016091272,False
1714871904.2432199,0.2962508808575592,0.2996257016633534,0.2979382912604563,0.2716128379437854,0.02632545331667091,False
1714871904.308182,0.295378269592824,0.31669659913716236,0.3060374343649932,0.27166208629345806,0.03437534807153514,False
1714871904.369576,0.28427005887402607,0.30728851183895034,0.29577928535648823,0.2716965394349767,0.02408274592151155,False
1714871904.4302049,0.1325168261931648,0.13303802104754786,0.13277742362035633,0.2714983666592069,0.13872094303885057,False
1714871904.490023,0.1561952679867699,0.1634466317916748,0.15982094988922235,0.27133928201993346,0.1115183321307111,False
1714871904.551438,0.2147017729622477,0.24421776841917756,0.22945977069071263,0.27127970945758745,0.041819938766874815,True
1714871904.612396,0.25031011977381024,0.2556549962824568,0.2529825580281335,0.2712537191856706,0.018271161157537075,False
1714871904.6738591,0.25659146460586074,0.28168113585237115,0.26913630022911594,0.2712507157545266,0.00211441552541064,False
1714871904.734478,0.27899433298516624,0.30728851183895034,0.2931414224120583,0.27128172242118026,0.021859699990878056,False
1714871904.795121,0.2844901105587965,0.32009219983223997,0.30229115519551825,0.2713255830050195,0.030965572190498725,False
1714871904.855584,0.27899433298516624,0.32009219983223997,0.2995432664087031,0.27136543849005296,0.028177827918650145,False
1714871904.9163342,0.29069767441860467,0.2996257016633534,0.29516168804097903,0.2713990016064859,0.02376268643449314,False
1714871904.976831,0.15897825283080066,0.15919317118967338,0.15908571201023702,0.2712408138746602,0.11215510186442318,False
1714871905.0409758,0.2502564353211466,0.27545869897003733,0.26285756714559194,0.2712290230916376,0.008371455946045658,False
1714871905.102792,0.13538234557160794,0.13215171020299618,0.13376702788730205,0.2710359584916315,0.13726893060432943,False
1714871905.16368,0.15588783991539182,0.15870476419551058,0.1572963020554512,0.2708764358318332,0.11358013377638199,False
1714871905.223799,0.21505649253221687,0.2237168666944878,0.21938667961335234,0.2708043213273255,0.05141764171397317,True
1714871905.284629,0.29777679693534087,0.3067859955389482,0.30228139623714456,0.2708483452083183,0.031433051028826264,False
1714871905.3461251,0.2844901105587965,0.31956874535307106,0.3020294279559338,0.2708918942065692,0.03113753374936462,False
1714871905.4075148,0.2844901105587965,0.3121101058993264,0.2983001082290615,0.27093012044648895,0.027369987782572547,False
1714871905.469346,0.1561952679867699,0.15919317118967338,0.15769421958822163,0.2707724102781627,0.11307819068994104,False
1714871905.5293481,0.1561952679867699,0.1677587983464527,0.16197703316661127,0.27062109542821616,0.10864406226160489,False
1714871905.590293,0.17577887059542374,0.20531982224645645,0.1905493464209401,0.270509884665706,0.07996053824476593,True
1714871905.65061,0.255537696438575,0.24929982747211407,0.2524187619553445,0.27048479295598293,0.018066031000638416,False
1714871905.712449,0.2557448052364024,0.2617648188457198,0.2587548120410611,0.2704685464450204,0.011713734403959286,False
1714871905.777232,0.2610940502822374,0.26233024353365697,0.2617121469079472,0.2704564352423412,0.008744288334394001,False
1714871905.839155,0.2618114945922575,0.2617648188457198,0.26178815671898864,0.2704444624819498,0.00865630576296117,False
1714871905.900043,0.19064980458533637,0.1972139357927434,0.1939318701890399,0.27033892787189057,0.07640705768285067,False
1714871905.9607308,0.13251016066124857,0.13004030196057498,0.1312752313109118,0.2701473800804843,0.1388721487695725,False
1714871906.021811,0.12970543430189782,0.12649110640673517,0.12809827035431648,0.2699519892830618,0.14185371892874532,False
1714871906.0837939,0.2328863195500534,0.242872246468334,0.2378792830091937,0.2699079333678504,0.03202865035865671,True
1714871906.1448221,0.2389564036459035,0.2556549962824568,0.24730569996418017,0.26987692893245446,0.022571228968274293,False
1714871906.206114,0.2617687052055024,0.28168113585237115,0.27172492052893676,0.2698794604277921,0.0018454601011446692,False
1714871906.26786,0.2617687052055024,0.2747952349072627,0.26828197005638255,0.2698772750784468,0.0015953050220642306,False
1714871906.3284109,0.26785309626769915,0.26843774609657967,0.2681454211821394,0.2698749091578234,0.0017294879756840076,False
1714871906.389277,0.2618114945922575,0.2871412974273803,0.2744763960098189,0.2698811867660799,0.0045952092437389624,False
1714871906.449316,0.2676799303603349,0.28857577987337246,0.2781278551168537,0.2698924220090646,0.00823543310778907,False
1714871906.51471,0.30673897226947106,0.33289588782552954,0.3198174300475003,0.2699603471900693,0.04985708285743101,False
1714871906.577006,0.3185359805784857,0.34569957581881916,0.3321177781986524,0.2700448002213309,0.062072977977321475,False
1714871906.63939,0.3022438607339301,0.32009219983223997,0.31116803028308504,0.27010059836252737,0.04106743192055767,False
1714871906.700114,0.1677587983464527,0.17997743330666383,0.17386811582655826,0.26997020204472794,0.09610208621816968,False
1714871906.761631,0.14276610200257825,0.14282170362793453,0.1427939028152564,0.2697981096235784,0.12700420680832203,False
1714871906.8219898,0.17593526541847807,0.1767247409279007,0.17633000317318936,0.26967180137161845,0.09334179819842908,False
1714871906.883266,0.29777679693534087,0.32382372540106213,0.3108002611682015,0.2697273053659458,0.04107295580225567,True
1714871906.9441411,0.30673897226947106,0.354161184390048,0.33045007832975953,0.26980914198719086,0.060640936342568674,False
1714871907.00478,0.32561654455042094,0.3416324152979639,0.3336244799241924,0.2698950307327319,0.06372944919146051,False
1714871907.065845,0.3298656007953742,0.3552767515839556,0.3425711761896649,0.26999271372393746,0.07257846246572747,False
1714871907.127326,0.3180996749461181,0.3547721235786548,0.3364358992623865,0.27008189920788167,0.06635400005450481,False
1714871907.188013,0.3180996749461181,0.3547721235786548,0.3364358992623865,0.27017084558865184,0.06626505367373464,False
1714871907.252486,0.26242414657641544,0.30156233152809386,0.28199323905225465,0.2701866720859257,0.011806566966328924,False
1714871907.3139288,0.18822777179898276,0.18157469480184468,0.18490123330041372,0.27007265411963494,0.08517142081922122,False
1714871907.375956,0.2799680909516719,0.30223846023186623,0.2911032755917691,0.2701007323859529,0.021002543205816182,False
1714871907.4367979,0.30717527790183863,0.3276425015316004,0.31740888971671954,0.2701638099290606,0.04724507978765896,False
1714871907.497199,0.295378269592824,0.3284726220385365,0.31192544581568027,0.2702194179661932,0.04170602784948707,False
1714871907.558058,0.1639623817449434,0.16678973817760082,0.1653760599612721,0.2700799986071441,0.10470393864587199,False
1714871907.6191528,0.15258062360426147,0.15811017398336874,0.1553453987938151,0.26992762862067227,0.11458222982685717,False
1714871907.680398,0.27929528019845196,0.30228786490901044,0.2907915725537312,0.26995529963384607,0.020836272919885157,True
1714871907.7420428,0.295783492765433,0.32849270701727296,0.312138099891353,0.27001117089246524,0.04212692899888776,False
1714871907.802603,0.3181818181818182,0.34664799182467365,0.3324149050032459,0.27009371551430494,0.06232118948894094,False
1714871907.863654,0.3143682424141651,0.3551328145551482,0.3347505284846567,0.27017912742047445,0.06457140106418224,False
1714871907.924633,0.307223509632025,0.35466494339521154,0.33094422651361827,0.27025929245885594,0.06068493405476233,False
1714871907.988954,0.3027273878908449,0.31956874535307106,0.311148066621958,0.2703131643615741,0.04083490226038389,False
1714871908.0507011,0.1957558661738659,0.19423618649586952,0.1949960263348677,0.27021406286417055,0.07521803652930284,False
1714871908.11328,0.15504560557063898,0.1502298177348879,0.15263771165276344,0.27005956043156687,0.11742184877880343,False
1714871908.1750348,0.1067730373853857,0.1032969170558544,0.10503497722062005,0.2698429927370643,0.16480801551644425,False
1714871908.2363698,0.14912911396223136,0.1424940999758193,0.14581160696902534,0.26968043521967505,0.12386882825064971,False
1714871908.297926,0.18703971130759364,0.18287244341031403,0.18495607735895384,0.2695695394633128,0.08461346210435897,True
1714871908.359145,0.19371982115161132,0.20232361254345613,0.19802171684753372,0.269476012897802,0.07145429605026826,False
1714871908.420647,0.22955698017526174,0.2261904761904762,0.22787372818286897,0.26942170182115066,0.04154797363828169,False
1714871908.4822059,0.16241182247025104,0.13632843211976492,0.14937012729500798,0.26926518086348944,0.11989505356848146,False
1714871908.544811,0.11353010820036205,0.09348989195186952,0.10351000007611579,0.26904935380517253,0.16553935372905676,False
1714871908.607279,0.18169828393515444,0.17505572506880265,0.17837700450197855,0.26893144437825034,0.09055443987627179,False
1714871908.670509,0.22255669514922244,0.22737913972928672,0.2249679174392546,0.26887434888871914,0.043906431449464545,True
1714871908.733749,0.25025706947441595,0.25113376950366845,0.25069541948904217,0.26885077051076883,0.018155351021726662,False
1714871908.7963252,0.24470688916335573,0.26183055740917854,0.25326872328626715,0.2688305865117734,0.015561863225506234,False
1714871908.858231,0.26660084742176265,0.267896880224688,0.2672488638232253,0.2688285402987222,0.001579676475496894,False
1714871908.920741,0.2938957044609271,0.29802975758999317,0.2959627310254601,0.2688635973926844,0.027099133632775718,False
1714871908.983849,0.3087949682559379,0.3299507823592977,0.3193728753076178,0.2689287706545101,0.050444104653107724,False
1714871909.0463302,0.31907672235863777,0.3333333333333333,0.32620502784598554,0.26900258026429297,0.05720244758169257,False
1714871909.108974,0.3155793084605751,0.34605910983322746,0.33081920914690127,0.26908213834522293,0.06173707080167834,False
1714871909.170728,0.3191489361702128,0.35365853658536583,0.3364037363777893,0.2691686699622314,0.06723506641555793,False
1714871909.231607,0.32608695652173914,0.3418694680289379,0.3339782122753385,0.2692518657803483,0.0647263464949902,False
1714871909.293231,0.3229885025110123,0.3378744908443017,0.33043149667765703,0.26933030120457563,0.061101195473081404,False
1714871909.354518,0.32222222222222224,0.354394179885763,0.3383082010539926,0.26941862117877463,0.06888957987521799,False
1714871909.415663,0.32644887367796643,0.3539593232645917,0.3402040984712791,0.26950913969193635,0.07069495877934273,False
1714871909.479969,0.31514293343362576,0.35365853658536583,0.3344007350094958,0.26959201529259735,0.06480871971689844,False
1714871909.541404,0.17554219501939516,0.17895849739771977,0.17725034620855745,0.2694742325514187,0.09222388634286127,False
1714871909.603727,0.1317368461095426,0.10966294004362924,0.1206998930765859,0.26928471109985846,0.14858481802327256,False
1714871909.665765,0.1579277571251749,0.1666194456240227,0.16227360137459879,0.26914856464982634,0.10687496327522755,False
1714871909.7279181,0.15566037744732447,0.15212514570114208,0.15389276157423326,0.26900211509064514,0.11510935351641188,False
1714871909.78933,0.1339719007629123,0.12421135702444962,0.12909162889368095,0.26882456371222263,0.13973293481854168,False
1714871909.850952,0.15014270338455107,0.15630660844885097,0.15322465591670104,0.26867804925367317,0.11545339333697213,False
1714871909.914173,0.19343129864082614,0.20517483111519794,0.19930306487801203,0.2685902328177546,0.0692871679397426,True
1714871909.976863,0.2074698741143073,0.2215143527662541,0.2144921134402807,0.26852184075785895,0.05402972731757824,False
1714871910.0401669,0.2182693506518088,0.21704918704574622,0.2176592688487775,0.26845762033878184,0.050798351490004334,False
1714871910.102654,0.16641134178210806,0.17196960863822755,0.1691904752101678,0.2683324410889349,0.09914196587876709,False
1714871910.16429,0.12390606593250074,0.1121836316855314,0.11804484880901607,0.26814316200545896,0.1500983131964429,False
1714871910.228585,0.11113213153566844,0.11108368642573443,0.11110790898070144,0.26794563338530203,0.1568377244046006,False
1714871910.290842,0.15910435675518,0.1547180566508782,0.1569112067030291,0.26780614289952026,0.11089493619649116,False
1714871910.353339,0.17876446933481638,0.17857142857142858,0.1786679489531225,0.2676943007490229,0.0890263517959004,True
1714871910.414957,0.14186950567011325,0.1121836316855314,0.12702656867782233,0.2675180253955502,0.14049145671772786,False
1714871910.477132,0.11858453171609834,0.10107526304295796,0.10982989737952814,0.26732066853946007,0.15749077115993193,False
1714871910.538589,0.1677756403660413,0.15954588451583193,0.16366076244093664,0.2671910936568369,0.10353033121590027,False
1714871910.5997472,0.2717391304347826,0.29043824655253697,0.28108868849365976,0.2672084439625009,0.01388024453115888,True
1714871910.660773,0.2978723404255319,0.30639643212990697,0.30213438627771944,0.26725199251900367,0.03488239375871577,False
1714871910.721973,0.3020833333333333,0.3140514158075588,0.3080673745704461,0.26730282113924203,0.040764553431204054,False
1714871910.7838411,0.3020177983866172,0.3384265642027798,0.3202221812946985,0.2673686412389379,0.052853540055760595,False
1714871910.846553,0.3297126131039257,0.3575304942220209,0.3436215536629733,0.26746336535375037,0.07615818830922294,False
1714871910.9088562,0.3301193568285255,0.3693970853163758,0.34975822107245064,0.2675654681524088,0.08219275292004186,False
1714871910.974396,0.3191489361702128,0.3578342154951603,0.3384915758326865,0.267653356761678,0.07083821907100851,False
1714871911.03563,0.33014145083375435,0.35741322510582824,0.34377733796979126,0.26774756960970786,0.0760297683600834,False
1714871911.097009,0.32608695652173914,0.3544995759267208,0.34029326622422995,0.2678372429058939,0.07245602331833606,False
1714871911.158862,0.3191489361702128,0.354394179885763,0.33677155802798786,0.2679223469986372,0.06884921102935065,False
1714871911.220984,0.31521739130434784,0.35406458998015744,0.3346409906422526,0.26800461413013366,0.06663637651211896,False
1714871911.282458,0.33729586458566735,0.35406458998015744,0.34568022728291237,0.268100273752243,0.07757995353066938,False
1714871911.344167,0.28888888888888886,0.316978901911211,0.3029338954000499,0.26814311953532766,0.034790775864722234,False
1714871911.408364,0.29992595334948297,0.3254800601300662,0.3127030067397746,0.2681978614115002,0.044505145328274376,False
1714871911.470438,0.3003963205290911,0.33017162997589633,0.31528397525249374,0.2682556357843112,0.04702833946818252,False
1714871911.532563,0.2844901105587965,0.3047874056838567,0.2946387581213266,0.26828796804207716,0.026350790079249453,False
1714871911.593854,0.30673897226947106,0.3248984850826399,0.3158187286760555,0.2683461452276757,0.04747258344837979,False
1714871911.654966,0.3075805010744477,0.31763218935607507,0.31260634521526137,0.2684002530516214,0.044206092163639965,False
1714871911.719661,0.3147297133921469,0.31310885061270016,0.3139192820024235,0.2684558318415491,0.04546345016087444,False
1714871911.7821388,0.30673897226947106,0.32887723756551474,0.3178081049174929,0.2685160175404222,0.04929208737707069,False
1714871911.84553,0.2840909090909091,0.30451596070880993,0.29430343489985955,0.26854742730578085,0.0257560075940787,False
1714871911.907916,0.3031367544391341,0.31622776601683794,0.30968226022798606,0.2685974696815986,0.04108479054638747,False
1714871911.969589,0.295378269592824,0.31669659913716236,0.3060374343649932,0.2686429617407522,0.037394472624241004,False
1714871912.030737,0.30673897226947106,0.316978901911211,0.311858937090341,0.2686954083127784,0.04316352877756263,False
1714871912.091776,0.30717527790183863,0.32887723756551474,0.31802625773367665,0.2687552032817734,0.04927105445190327,False
1714871912.155023,0.30673897226947106,0.32061172494559337,0.3136753486075322,0.26880958602429855,0.04486576258323366,False
1714871912.218018,0.3144748370808922,0.3087372166142751,0.31160602684758365,0.26886133504585025,0.0427446918017334,False
1714871912.280891,0.32549338848269393,0.3210647585542835,0.3232790735184887,0.2689270569522182,0.05435201656627053,False
1714871912.3431969,0.3147297133921469,0.3219455897071926,0.31833765154966975,0.268986659599501,0.04935099195016873,False
1714871912.405695,0.3144748370808922,0.32960525475973657,0.3220400459203144,0.26905057934205623,0.05298946657825815,False
1714871912.470229,0.3075805010744477,0.3210647585542835,0.3143226298143656,0.2691050583438279,0.045217571470537676,False
1714871912.531318,0.33024387105027797,0.3136144456291602,0.3219291583397191,0.2691685488486307,0.052760609491088406,False
1714871912.5931158,0.3263226723451597,0.3136144456291602,0.3199685589871599,0.2692295332545593,0.05073902573260064,False
1714871912.658159,0.3263226723451597,0.32133750227490093,0.3238300873100303,0.2692950015447937,0.054535085765236635,False
1714871912.724307,0.3144748370808922,0.3337579624716452,0.3241163997762687,0.26936065591393316,0.05475574386233556,False
1714871912.790743,0.2693677164746814,0.2623704165189416,0.2658690664968115,0.2693564793715682,0.003487412874756679,False
1714871912.856956,0.2741462465692343,0.2557448052364024,0.2649455259028184,0.2693512094152137,0.0044056835123952864,False
1714871912.924417,0.2500025305563551,0.23915182974076432,0.2445771801485597,0.26932164613446585,0.024744465985906156,False
1714871912.9881191,0.22955698017526174,0.22778067563530907,0.22866882790528542,0.2692731922390795,0.04060436433379405,False
1714871913.052347,0.21125756075638805,0.21222827952633389,0.21174292014136098,0.2692047038199155,0.057461783678554534,False
1714871913.116014,0.2408630995545021,0.217787565548247,0.22932533255137455,0.26915728482910867,0.03983195227773412,False
1714871913.180463,0.21363380707328883,0.21772773601667175,0.21568077154498028,0.2690937735306715,0.05341300198569121,False
1714871913.2459378,0.22368438997815407,0.21772773601667175,0.2207060629974129,0.26903637411129633,0.04833031111388342,False
1714871913.3095849,0.21087002082764322,0.22578928325851613,0.2183296520430797,0.2689762950567131,0.05064664301363342,False
1714871913.373739,0.23011168785806793,0.22348005391493012,0.22679587088649902,0.2689263773949732,0.04213050650847419,False
1714871913.438248,0.21535460801930248,0.22348005391493012,0.2194173309671163,0.26886785606349817,0.04945052509638187,False
1714871913.5011399,0.22674565228694785,0.22967134161980465,0.22820849695337625,0.26881985209760667,0.04061135514423042,False
1714871913.565561,0.24125520266452907,0.2359634292324572,0.23860931594849313,0.2687842264653553,0.03017491051686219,False
1714871913.627285,0.21922196866907095,0.21931411792260574,0.21926804329583835,0.2687259035169814,0.04945786022114304,False
1714871913.696342,0.22536860361140637,0.2189830061570621,0.22217580488423422,0.2686711386950605,0.04649533381082627,False
1714871913.7599769,0.21521270407684515,0.2293245929282984,0.22226864850257178,0.26861661167955814,0.04634796317698636,False
1714871913.822498,0.2263299988520301,0.23086263057247414,0.2285963147122521,0.26856963950001905,0.03997332478776694,False
1714871913.88529,0.22476551476982,0.22636899811944797,0.225567256444634,0.26851922638975484,0.04295196994512085,False
1714871913.947691,0.22536860361140637,0.21955154802128332,0.22246007581634486,0.26846529295817007,0.046005217141825205,False
1714871914.012819,0.22490583244955942,0.21931411792260574,0.22210997518608258,0.26841107621223775,0.04630110102615517,False
1714871914.076044,0.22958935858789836,0.21364438168523528,0.22161687013656683,0.2683564100836447,0.04673953994707786,False
1714871914.139186,0.22430303232870105,0.22449387324852563,0.22439845278861334,0.26830511725132844,0.0439066644627151,False
1714871914.20127,0.2050568045422839,0.21931411792260574,0.2121854612324448,0.2682397097268309,0.056054248494386116,False
1714871914.263776,0.22536860361140637,0.22991219784409947,0.22764040072775293,0.2681924462704874,0.04055204554273445,False
1714871914.3252962,0.20442035907412337,0.21884252750420624,0.2116314432891648,0.2681266776623696,0.05649523437320478,False
1714871914.387885,0.21521270407684515,0.21955154802128332,0.21738212604906423,0.26806774090091395,0.05068561485184972,False
1714871914.449651,0.2087605449060627,0.213392875670288,0.21107671028817535,0.2680016260162124,0.05692491572803707,False
1714871914.511063,0.1999600119960014,0.20792762051726843,0.20394381625663494,0.26792739912193714,0.0639835828653022,False
1714871914.574103,0.2,0.21286336154404045,0.20643168077202023,0.2678562235219951,0.061424542749974886,False
1714871914.636137,0.1999600119960014,0.20815272356090667,0.20405636777845404,0.2677824664633321,0.06372609868487805,False
1714871914.697424,0.21609406449796367,0.2294400968805484,0.22276708068925605,0.26773048564835045,0.0449634049590944,False
1714871914.902959,0.216130990364581,0.21507843389381964,0.21560471212920032,0.26767036364890506,0.05206565151970474,False
1714871914.9757571,0.23558117955081181,0.2400207871029932,0.23780098332690253,0.2676359519204235,0.029834968593520972,False
1714871915.0407429,0.1965674080502048,0.204716178385945,0.2006417932180749,0.26755885852721023,0.06691706530913533,False
1714871915.105648,0.21745431262253873,0.2143932052053952,0.21592375891396698,0.2674995078379996,0.051575748924032605,False
1714871915.1705012,0.1965674080502048,0.20661271580819962,0.2015900619292022,0.26742383683236376,0.06583377490316156,False
1714871915.235827,0.21197462516526214,0.21636425349723776,0.21416943933124993,0.26736276527559644,0.0531933259443465,False
1714871915.299459,0.22090722034374521,0.22221863220714408,0.22156292627544466,0.2673103026879674,0.045747376412522744,False
1714871915.3626182,0.2132724989182591,0.22051812597016196,0.21689531244421054,0.2672526196327686,0.05035730718855805,False
1714871915.424594,0.2024791464830646,0.22523562520180287,0.21385738584243374,0.26719159650843677,0.053334210666003024,False
1714871915.487353,0.19705638472786058,0.19852295126132463,0.1977896679945926,0.2671123705626447,0.06932270256805209,False
1714871915.54898,0.20426346196512338,0.19833270401948247,0.20129808299230292,0.26703732576495903,0.06573924277265611,False
1714871915.610935,0.1985089671402594,0.2008468482942374,0.19967790771724842,0.2669606066100072,0.06728269889275879,False
1714871915.676425,0.15654131324811715,0.13933207120942523,0.1479366922287712,0.2668251982887544,0.11888850605998319,False
1714871915.7386072,0.1447135607170055,0.13531113296230438,0.14001234683965494,0.26668109277574403,0.1266687459360891,False
1714871915.799828,0.17752244880831075,0.17906386915741834,0.17829315898286455,0.2665807659496454,0.08828760696678087,True
1714871915.861067,0.20095732497576552,0.21205264858460895,0.20650498678018725,0.26651265282133535,0.0600076660411481,False
1714871915.922445,0.2109523663830815,0.21205264858460895,0.21150250748384525,0.2664503536759928,0.05494784619214754,False
1714871915.985708,0.22040953267264732,0.22051812597016196,0.22046382932140463,0.26639833272084057,0.045934503399435944,False
1714871916.048602,0.22045361017187262,0.22292342365222906,0.22168851691205083,0.2663478131549549,0.0446592962429041,False
1714871916.111125,0.24041594578792297,0.23480013743563768,0.23760804161178034,0.2663153754895563,0.028707333877775965,False
1714871916.172826,0.20454797558373852,0.2105050356629553,0.2075265056233469,0.26624909716952677,0.05872259154617987,False
1714871916.235598,0.21041153207284727,0.21310369509867855,0.2117576135857629,0.2661877328862117,0.05443011930044883,False
1714871916.297554,0.2099580125958015,0.22348005391493012,0.2167190332553658,0.26613208755479345,0.04941305429942766,False
1714871916.360407,0.24484697595023175,0.24548033025780447,0.2451636531040181,0.2661085275160847,0.020944874412066605,False
1714871916.424619,0.20408163265306123,0.22817067223923213,0.2161261524461467,0.2660524305743676,0.049926278128220924,False
1714871916.486449,0.15130299802748964,0.1429426441350931,0.14712282108129138,0.2659191014157431,0.11879628033445172,False
1714871916.5482008,0.14480262826712267,0.14220394054671975,0.14350328440692123,0.2657820176340983,0.12227873322717708,False
1714871916.610576,0.20403914662519312,0.22703830459324992,0.21553872560922152,0.26572581708373494,0.05018709147451342,True
1714871916.6714082,0.20045866848588348,0.22200306810360193,0.2112308682947427,0.26566492887279747,0.05443406057805478,False
1714871916.7327092,0.21521270407684515,0.24390303858717108,0.2295578713320081,0.2656246308175064,0.03606675948549831,False
1714871916.793277,0.21428571428571427,0.23416036280379615,0.22422303854475523,0.2655784751962436,0.041355436651488386,False
1714871916.855482,0.20408163265306123,0.22228298124028315,0.21318230694667217,0.2655201275701305,0.05233782062345832,False
1714871916.9168131,0.21461595145270068,0.22731174940324406,0.22096385042797237,0.2654705655265908,0.04450671509861845,False
1714871916.977951,0.21424110395645277,0.22760448841624104,0.22092279618634691,0.2654210680051017,0.044498271818754764,False
1714871917.03993,0.21424110395645277,0.2389564036459035,0.22659875380117814,0.26537797997601853,0.03877922617484039,False
1714871917.1006021,0.22444306128771244,0.24440593358377918,0.2344244974357458,0.2653436634765282,0.030919166040782403,False
1714871917.1646059,0.2099580125958015,0.22200306810360193,0.2159805403497017,0.2652889977809282,0.04930845743122647,False
1714871917.2257972,0.13792513389573796,0.14204326390831482,0.1399841989020264,0.26515038627774357,0.12516618737571716,False
1714871917.287703,0.16399408786670594,0.14965833991653882,0.15682621389162238,0.26503069105963734,0.10820447716801496,False
1714871917.349508,0.18,0.21145654174404235,0.19572827087202116,0.2649541983221234,0.06922592745010225,True
1714871917.411576,0.21424110395645277,0.22255669514922244,0.2183988995528376,0.2649028694370415,0.04650396988420391,False
1714871917.4729338,0.19383718929393345,0.2328863195500534,0.21336175442199343,0.2648461060945139,0.051484351672520495,False
1714871917.5341492,0.2088075618281531,0.22760448841624104,0.21820602512219706,0.26479479687452234,0.046588771752325286,False
1714871917.5951428,0.21424110395645277,0.22200306810360193,0.21812208603002736,0.26474350818128667,0.046621422151259306,False
1714871917.656655,0.23464501861897208,0.25025706947441595,0.24245104404669401,0.26471903785841666,0.022267993811722647,False
1714871917.7177038,0.22444306128771244,0.24470688916335573,0.23457497522553408,0.2646859851581613,0.030111009932627192,False
1714871917.7801778,0.24484697595023175,0.25077200389625703,0.2478094899232444,0.264667500497444,0.016858010574199583,False
1714871917.841342,0.22444306128771244,0.24521040341274933,0.23482673235023088,0.26463485195461334,0.029808119604382455,False
1714871917.906301,0.22995401379540162,0.2499620358027322,0.23995802479906692,0.2646078827446073,0.024649857945540365,False
1714871917.967509,0.2403678770189155,0.24538384372318164,0.24287586037104858,0.2645841578293523,0.021708297458303716,False
1714871918.0291588,0.23026946822463262,0.25041319235374154,0.24034133028918708,0.26455772072189304,0.02421639043270596,False
1714871918.091062,0.23,0.23862350360052179,0.2343117518002609,0.2645247730433291,0.03021302124306821,False
1714871918.1539981,0.23464501861897208,0.2507083170199259,0.242676667819449,0.2645009992618015,0.02182433144235249,False
1714871918.216361,0.14766919361077008,0.13529927031458933,0.1414842319626797,0.2643672853843025,0.12288305342162278,False
1714871918.278286,0.14482940142594758,0.14273829330008247,0.14378384736301503,0.26423635874149975,0.12045251137848473,False
1714871918.3396559,0.19387755102040816,0.20707482655655662,0.2004761887884824,0.26416720454415377,0.06369101575567138,True
1714871918.400855,0.20408163265306123,0.20632681531245795,0.2052042239827596,0.26410332265838843,0.05889909867562884,False
1714871918.461954,0.21041153207284727,0.22858704208574848,0.2194992870792979,0.2640550498926102,0.044555762813312305,False
1714871918.524386,0.21041153207284727,0.22831795777577618,0.21936474492431174,0.2640067360494012,0.044641991125089486,False
1714871918.586553,0.22045361017187262,0.23431306913435748,0.22738333965311505,0.26396718594530155,0.0365838462921865,False
1714871918.651523,0.22995401379540162,0.2449017160252992,0.2374278649103504,0.2639385566885217,0.02651069177817128,False
1714871918.714358,0.23041594578792296,0.2449017160252992,0.23765883090661108,0.26391023801849806,0.026251407111886976,False
1714871918.7760088,0.23464501861897208,0.25025662875800603,0.24245082368848905,0.263887138541286,0.02143631485279693,False
1714871918.837489,0.23036987641911544,0.2499620358027322,0.24016595611092384,0.2638616318935114,0.023695675782587577,False
1714871918.898748,0.22444306128771244,0.23431306913435748,0.22937806521103496,0.2638245926167311,0.03444652740569612,False
1714871918.9600482,0.22444306128771244,0.25041319235374154,0.237428126820727,0.26379627022853797,0.026368143407810962,False
1714871919.021877,0.21424110395645277,0.23436105341108537,0.22430107868376908,0.2637539388335275,0.039452860149758406,False
1714871919.0835042,0.22995401379540162,0.22320226228027165,0.22657813803783663,0.26371413604894967,0.03713599801111303,False
1714871919.145715,0.2109523663830815,0.23939732268892927,0.2251748445360054,0.26367291755535294,0.038498073019347545,False
1714871919.2076101,0.23464501861897208,0.2449417482905609,0.23979338345476647,0.2636474052325959,0.023854021777829415,False
1714871919.268151,0.23469387755102042,0.24506788253725342,0.23988088004413693,0.26362204074466794,0.023741160700531005,False
1714871919.329676,0.23464501861897208,0.23939732268892927,0.23702117065395067,0.2635936816081107,0.026572510954160022,False
1714871919.394458,0.21474993291499817,0.23890473351968816,0.22682733321734316,0.2635545268174922,0.03672719360014903,False
1714871919.4567838,0.2099580125958015,0.24420337491396213,0.22708069375488182,0.2635157248674256,0.03643503111254376,False
1714871919.51914,0.21424110395645277,0.21772773601667175,0.21598441998656226,0.2634652133850867,0.04748079339852446,False
1714871919.581415,0.23464501861897208,0.23310322150878202,0.23387412006387703,0.2634338003348519,0.029559680270974886,False
1714871919.643929,0.23538518851892218,0.23383094143647506,0.23460806497769862,0.2634032322167637,0.028795167239065084,False
1714871919.7054012,0.21474993291499817,0.23890473351968816,0.22682733321734316,0.263364486561044,0.036537153343700834,False
1714871919.7663429,0.21995601319560154,0.23890473351968816,0.22943037335764485,0.26332857744654303,0.03389820408889818,False
1714871919.8279932,0.21424110395645277,0.23890473351968816,0.22657291873807045,0.2632897236846947,0.03671680494662427,False
1714871919.889487,0.2399520143952017,0.23939732268892927,0.23967466854206548,0.26326478698443856,0.023590118442373076,False
1714871919.95069,0.21507843389381964,0.23377962839496053,0.22442903114439008,0.2632238209972655,0.038794789852875405,False
1714871920.012107,0.21424110395645277,0.22216737285146887,0.2182042384039608,0.2631763820271988,0.04497214362323798,False
1714871920.07405,0.22995401379540162,0.23939732268892927,0.23467566824216546,0.2631463812758461,0.02847071303368065,False
1714871920.139267,0.21470387511829975,0.24420337491396213,0.22945362501613092,0.26311095251006306,0.03365732749393213,False
1714871920.2010722,0.2099580125958015,0.23907394950137126,0.2245159810485864,0.26307041157365396,0.03855443052506757,False
1714871920.261886,0.22444306128771244,0.23327574149404232,0.22885940139087738,0.2630345133468095,0.03417511195593212,False
1714871920.344736,0.22522799721093895,0.23939732268892927,0.2323126599499341,0.2630023101461838,0.030689650196249696,False
1714871920.4139829,0.22995401379540162,0.2497640395887649,0.23985902669208325,0.2629780763415198,0.023119049649436563,False
1714871920.478492,0.20983220133157576,0.24488799703753397,0.22736009918455485,0.2629408190432385,0.03558071985868366,False
1714871920.540892,0.21474993291499817,0.2395668875710239,0.22715841024301103,0.2629034288564044,0.03574501861339335,False
1714871920.6045141,0.20983220133157576,0.23907394950137126,0.22445307541647352,0.2628632927880955,0.03841021737162198,False
1714871920.667777,0.23510778978081906,0.23890473351968816,0.23700626165025362,0.2628363302947297,0.025830068644476067,False
1714871920.733349,0.25018398091421234,0.23939732268892927,0.2447906518015708,0.262817532712966,0.018026880911395177,False
1714871920.798642,0.2395313573411102,0.24420337491396213,0.24186736612753618,0.2627957323315035,0.02092836620396732,False
1714871920.861822,0.23464501861897208,0.24420337491396213,0.2394241967664671,0.2627714375959889,0.02334724082952183,False
1714871920.925442,0.2399520143952017,0.25025662875800603,0.24510432157660386,0.2627530916811193,0.01764877010451546,False
1714871920.9877691,0.2399520143952017,0.25021572785068474,0.24508387112294322,0.2627347626141503,0.017650891491207077,False
1714871921.0509481,0.24569566818633318,0.25025662875800603,0.2479761484721696,0.262719468713485,0.014743320241315416,False
1714871921.1132329,0.22981622050601155,0.2507083170199259,0.24026226876296874,0.2626962210944886,0.022433952331519846,False
1714871921.174999,0.15740573664840604,0.15760460923960895,0.1575051729440075,0.2625874402794416,0.10508226733543408,False
1714871921.2357519,0.1352737176412476,0.13826657968874304,0.13677014866499532,0.2624574637385176,0.12568731507352227,False
1714871921.296352,0.14420410673507406,0.13997200839720098,0.14208805756613752,0.2623332435051095,0.12024518593897199,False
1714871921.3584251,0.1999600119960014,0.20919089819846717,0.2045754550972343,0.2622736993933488,0.05769824429611453,True
1714871921.421482,0.21608945466892224,0.23984773305859372,0.22796859386375798,0.2622383697275099,0.03426977586375193,False
1714871921.484868,0.2109101885627293,0.2247271136992259,0.2178186511309776,0.2621926704285423,0.04437401929756468,False
1714871921.548226,0.21568627450980393,0.21033055901598416,0.21300841676289406,0.26214212134974924,0.049133704586855176,False
1714871921.612513,0.22444306128771244,0.22032256860320204,0.22238281494545725,0.2621013007066237,0.03971848576116643,False
1714871921.678381,0.22495266344068635,0.23496110714839732,0.22995688529454184,0.2620683320754318,0.03211144678088995,False
1714871921.741,0.23036987641911544,0.23538518851892218,0.23287753246901882,0.2620384234692777,0.02916089100025887,False
1714871921.80413,0.2104536101718726,0.23068508165470153,0.22056934591328708,0.26199597814936365,0.041426632236076566,False
1714871921.866026,0.22490583244955942,0.2300399103286449,0.22747287138910216,0.2619606784491998,0.03448780706009763,False
1714871921.928139,0.23041594578792296,0.23514088623356555,0.23277841601074425,0.2619308702138183,0.029152454203074024,False
1714871921.989769,0.22958935858789836,0.2346788837951095,0.23213412119150395,0.26190046536787714,0.029766344176373194,False
1714871922.051426,0.22995401379540162,0.2300399103286449,0.22999696206202325,0.26186794395777946,0.03187098189575621,False
1714871922.113288,0.23036987641911544,0.21012087841454838,0.22024537741683192,0.261825558452137,0.041580181035305086,False
1714871922.2031481,0.22045361017187262,0.21033055901598416,0.2153920845939284,0.26177832195787637,0.04638623736394798,False
1714871922.2650309,0.22045361017187262,0.21033055901598416,0.2153920845939284,0.2617311814727504,0.046339096878821984,False
1714871922.326829,0.21657570621935807,0.21033055901598416,0.21345313261767113,0.26168216822518175,0.04822903560751063,False
1714871922.388947,0.216130990364581,0.20601520971653023,0.21107310004055563,0.2616308405698221,0.05055774052926648,False
1714871922.454379,0.22045361017187262,0.20601520971653023,0.21323440994420143,0.26158180669887415,0.04834739675467273,False
1714871922.516618,0.22045361017187262,0.21012087841454838,0.2152872442932105,0.261534949854334,0.04624770556112351,False
1714871922.577808,0.2104536101718726,0.21007581341932932,0.21026471179560097,0.2614831093709582,0.05121839757535723,False
1714871922.639105,0.2004987562112089,0.21007581341932932,0.20528728481526912,0.261426345911811,0.0561390610965419,False
1714871922.69942,0.15153073347451462,0.14399133774167436,0.1477610356080945,0.26131164832320986,0.11355061271511535,False
1714871922.760791,0.13698280049264733,0.12559048630163708,0.1312866433971422,0.2611805747295344,0.1298939313323922,False
1714871922.822248,0.21041153207284727,0.2105736742860642,0.21049260317945573,0.2611295294409643,0.050636926261508564,True
1714871922.884473,0.22045361017187262,0.2300399103286449,0.22524676025025875,0.2610934300755813,0.03584666982532253,False
1714871922.946555,0.2004987562112089,0.2105736742860642,0.20553621524863655,0.2610375936787703,0.055501378430133724,False
1714871923.007808,0.23041594578792296,0.2300399103286449,0.23022792805828393,0.26100666027955294,0.030778732221269006,False
1714871923.0685608,0.24,0.21012087841454838,0.2250604392072742,0.260970605895328,0.0359101666880538,False
1714871923.129944,0.2104987562112089,0.2200578618739871,0.21527830904259798,0.26092482203074613,0.04564651298814815,False
1714871923.1950688,0.22541553096300532,0.2300399103286449,0.2277277206458251,0.2608915916990295,0.03316387105320437,False
1714871923.257577,0.20454797558373852,0.19936305570722498,0.20195551564548175,0.2608326556229759,0.058877139977494164,False
1714871923.3194082,0.21521270407684515,0.19596559291238905,0.2055891484946171,0.26077746730416634,0.05518831880954925,False
1714871923.3813708,0.216130990364581,0.19622820605795185,0.2061795982112664,0.2607229784128561,0.054543380201589664,False
1714871923.442819,0.22037187581931536,0.2001388299598906,0.21025535288960298,0.2606726617373593,0.05041730884775633,False
1714871923.503964,0.2004536101718726,0.20982837630418405,0.2051409932380283,0.2606173513105671,0.05547635807253881,False
1714871923.565404,0.20633166951860654,0.2105736742860642,0.20845267190233535,0.2605654461569271,0.052112774254591765,False
1714871923.627441,0.20188574942910367,0.21485520764385121,0.20837047853647744,0.2605135624913004,0.05214308395482298,False
1714871923.6893718,0.21654141860558476,0.22590699568099193,0.22122420714328833,0.260474546249644,0.03925033910635567,False
1714871923.751989,0.2119354395423808,0.21884252750420624,0.21538898352329353,0.260429818508844,0.045040834985550476,False
1714871923.8133068,0.16160027747973907,0.17857573627103432,0.1700880068753867,0.26034028252110025,0.09025227564571356,False
1714871923.87453,0.14927547567495547,0.14764208322801667,0.14845877945148606,0.2602295087556848,0.11177072930419873,False
1714871923.939183,0.14339015548124853,0.13519876682693818,0.13929446115409336,0.2601098895196792,0.12081542836558587,False
1714871924.001716,0.17364344961413747,0.16717013484228094,0.1704067922282092,0.26002125009547816,0.08961445786726896,True
1714871924.064128,0.2,0.21693045781865616,0.2084652289093281,0.25997035570141486,0.05150512679208677,False
1714871924.127597,0.2099580125958015,0.22312823532785703,0.21654312396182926,0.2599275280567013,0.043384404094872014,False
1714871924.191502,0.22037187581931536,0.2335672321595722,0.2269695539894438,0.2598950571462902,0.03292550315684639,False
1714871924.254838,0.22572448528364666,0.2391155129117994,0.23241999909772304,0.2598680147663211,0.027448015668598058,False
1714871924.3183858,0.24040553387224747,0.24490882858038726,0.24265718122631735,0.25985109162616377,0.017193910399846413,False
1714871924.379901,0.20983220133157576,0.2282689900208666,0.21905059567622118,0.2598110125535214,0.040760416877300226,False
1714871924.4416618,0.17346938775510204,0.19980276129324173,0.18663607452417189,0.2597392020157105,0.0731031274915386,False
1714871924.503703,0.14207148483749502,0.15366451086057695,0.14786799784903598,0.2596295243645667,0.11176152651553073,False
1714871924.566354,0.1614584601082567,0.14355243342191276,0.15250544676508473,0.2595246036225496,0.10701915685746485,False
1714871924.628779,0.17647058823529413,0.18460820317430449,0.18053939570479932,0.2594473186832954,0.07890792297849608,True
1714871924.692872,0.2099580125958015,0.21772773601667175,0.2138428743062366,0.2594027395587821,0.04555986525254552,False
1714871924.754497,0.20039360057561634,0.22228298124028315,0.21133829090794976,0.2593558016206466,0.04801751071269683,False
1714871924.815417,0.22981622050601155,0.24521040341274933,0.23751331195938044,0.2593344918746356,0.021821179915255146,False
1714871924.876211,0.21078380673460523,0.22255669514922244,0.21667025094191383,0.25929290879380446,0.04262265785189062,False
1714871924.936384,0.23496110714839732,0.22255669514922244,0.22875890114880987,0.2592631775302748,0.030504276381464912,False
1714871924.997344,0.21982421091879367,0.22255669514922244,0.22119045303400806,0.25922614180605663,0.038035688772048576,False
1714871925.058971,0.21507843389381964,0.24420337491396213,0.2296409044038909,0.25919739036057343,0.029556485956682532,False
1714871925.121035,0.2099580125958015,0.22228298124028315,0.2161204969180423,0.2591555681339302,0.0430350712158879,False
1714871925.182123,0.22032256860320204,0.22255669514922244,0.22143963187621224,0.25911898623649304,0.0376793543602808,False
1714871925.2421918,0.16343132096641724,0.18134926328711096,0.1723902921267641,0.2590349468042162,0.08664465467745208,False
1714871925.302166,0.14480262826712267,0.1569562317198284,0.15087942999347553,0.25893024640072076,0.10805081640724523,False
1714871925.363651,0.17,0.17842548030013192,0.17421274015006596,0.2588483145764938,0.08463557442642786,False
1714871925.429662,0.20983220133157576,0.22255669514922244,0.2161944482403991,0.2588071031114348,0.04261265487103569,False
1714871925.491806,0.20983220133157576,0.22804542745061143,0.21893881439109358,0.2587686202072646,0.039829805816171016,False
1714871925.553914,0.2099580125958015,0.22255669514922244,0.21625735387251196,0.2587276257363535,0.04247027186384153,False
1714871925.615774,0.21461595145270068,0.22255669514922244,0.21858632330096156,0.2586889539613676,0.040102630660406036,False
1714871925.676,0.23068508165470153,0.24521040341274933,0.23794774253372541,0.2586689912939685,0.02072124876024306,False
1714871925.738167,0.23449862470727836,0.267327094135159,0.25091285942121866,0.25866153347486004,0.00774867405364138,False
1714871925.799516,0.2399525215901445,0.26121886248440607,0.25058569203727526,0.2586537757021054,0.008068083664830139,False
1714871925.8611012,0.20403914662519312,0.21151769822811425,0.20777842242665368,0.2586049509868698,0.05082652856021613,False
1714871925.922789,0.15435016480884597,0.1569562317198284,0.15565319826433718,0.25850624364964786,0.10285304538531068,False
1714871925.9843352,0.18352066281439178,0.2051218622667316,0.1943212625405617,0.2584447637826851,0.0641235012421234,False
1714871926.045582,0.23026946822463262,0.2668653879297406,0.24856742807718663,0.2584353117867947,0.00986788370960806,False
1714871926.107117,0.24022384352329837,0.2886748206009393,0.26444933206211885,0.25844106132816685,0.0060082707339519925,False
1714871926.171402,0.24022384352329837,0.2615267221816814,0.2508752828524899,0.2584338351787154,0.007558552326225487,False
1714871926.233004,0.2602999771778177,0.27716254384905803,0.2687312605134379,0.25844366096624855,0.01028759954718933,False
1714871926.294465,0.2599166184994601,0.29490193806785364,0.27740927828365686,0.25846174067770455,0.018947537605952303,False
1714871926.355638,0.23998436201274265,0.27762368221979417,0.2588040221162684,0.258462066660027,0.0003419554562413829,False
1714871926.4166179,0.2753864381567823,0.28910059559885826,0.2822435168778203,0.25848469411028185,0.023758822767538434,False
1714871926.4780622,0.24996641046740042,0.28237800168373034,0.26617220607556535,0.25849200163116137,0.007680204444403982,False
1714871926.540232,0.2599166184994601,0.2980247567496832,0.27897068762457167,0.2585114495760744,0.020459238048497252,False
1714871926.6009018,0.2602999771778177,0.282842712474619,0.27157134482621836,0.2585238403685319,0.013047504457686487,False
1714871926.662153,0.2548379631429818,0.2720307874795126,0.2634343753112472,0.2585284949040226,0.0049058804072246165,False
1714871926.723506,0.23998436201274265,0.282842712474619,0.2614135372436808,0.2585312269516927,0.0028823102919880994,False
1714871926.7853298,0.26017599050143025,0.282842712474619,0.27150935148802463,0.25854350521520864,0.012965846272815995,False
1714871926.847452,0.2601486527350313,0.27600653897777017,0.26807759585640073,0.25855251664303586,0.009525079213364873,False
1714871926.9118788,0.26978425885488316,0.2662666381772111,0.26802544851604715,0.25856146181005474,0.009463986705992411,False
1714871926.9745831,0.18055385138137417,0.17314199840824157,0.17684792489480788,0.2584843735676819,0.081636448672874,False
1714871927.036633,0.14869911386156154,0.15302935996889483,0.15086423691522818,0.2583829408281414,0.10751870391291321,False
1714871927.098766,0.17755657133602779,0.1781541993877313,0.17785538536187956,0.2583071145047268,0.08045172914284726,False
1714871927.160897,0.22490583244955942,0.2359634292324572,0.2304346308410083,0.2582808939180253,0.027846263077016986,False
1714871927.2226188,0.2554732793995421,0.2569995423967113,0.2562364108981267,0.2582789724114276,0.0020425615133009,False
1714871927.2855659,0.2754528479440107,0.2671611223109081,0.27130698512745943,0.25829120528721733,0.013015779840242103,False
1714871927.347452,0.2503658776187156,0.2556838105960206,0.2530248441073681,0.2582862649859229,0.005261420878554801,False
1714871927.409348,0.22544686174612413,0.2556838105960206,0.24056533617107234,0.25826965680521546,0.017704320634143123,False
1714871927.469826,0.22981622050601155,0.26076770593339677,0.24529196321970415,0.25825750540672715,0.012965542187023005,False
1714871927.53132,0.22087053230919743,0.2391155129117994,0.22999302261049842,0.2582310652918569,0.02823804268135849,False
1714871927.593151,0.1806225774829855,0.19606895341009353,0.18834576544653953,0.2581657519275155,0.06981998648097598,False
1714871927.658103,0.1346153846153846,0.13624921159364128,0.13543229810451296,0.25805115486512237,0.12261885676060941,False
1714871927.72084,0.14766919361077008,0.1520302849670743,0.1498497392889222,0.2579502207088013,0.1081004814198791,False
1714871927.783208,0.19051575204051924,0.21105900420889542,0.20078737812470732,0.2578969468573715,0.057109568732664207,True
1714871927.845112,0.1937162551929691,0.22255669514922244,0.20813647517109576,0.25785061494704914,0.049714139775953375,False
1714871927.9067771,0.21045666908568353,0.22216737285146887,0.2163120209685762,0.25781197439451103,0.04149995342593482,False
1714871927.9685,0.21033055901598416,0.21772773601667175,0.21402914751632796,0.2577712840349588,0.04374213651863085,False
1714871928.030512,0.21461595145270068,0.22216737285146887,0.21839166215208478,0.25773471985493757,0.03934305770285279,False
1714871928.092615,0.22981622050601155,0.23310322150878202,0.23145972100739678,0.2577103460155614,0.026250625008164635,False
1714871928.1545632,0.13722852454111903,0.1276306889434551,0.13242960674228707,0.25759423782346386,0.12516463108117679,False
1714871928.2161238,0.16093605178510864,0.14580169577284968,0.15336887377897918,0.257497732856756,0.1041288590777768,False
1714871928.2772322,0.14423076923076922,0.1562161026137675,0.15022343592226836,0.25739849668937903,0.10717506076711067,False
1714871928.3378408,0.19,0.20647295638754792,0.19823647819377396,0.2573438182989025,0.05910734010512855,True
1714871928.401898,0.1949110550685427,0.21585335085629445,0.20538220296241858,0.25729583896802855,0.05191363600560997,False
1714871928.462955,0.20039360057561634,0.22200306810360193,0.21119833433960913,0.2572533135947551,0.046054979255145984,False
1714871928.525766,0.18984818215714,0.20041754482293417,0.19513286349003708,0.2571960597236908,0.06206319623365372,False
1714871928.588109,0.22523562520180287,0.22255669514922244,0.22389616017551267,0.25716539683276246,0.03326923665724979,False
1714871928.649929,0.19984019174435788,0.21151769822811425,0.20567894498623607,0.2571180311916893,0.05143908620545323,False
1714871928.711183,0.18996201139620134,0.21105900420889542,0.20051050780254837,0.2570660022179861,0.056555494415437724,False
1714871928.774035,0.15381771385074564,0.1567624986642356,0.15529010625749062,0.25697254409497367,0.10168243783748304,False
1714871928.835309,0.17033382205790015,0.16663050945468535,0.16848216575629277,0.25689136026163545,0.08840919450534268,False
1714871928.8969831,0.1831380198238668,0.18127621651874262,0.1822071181713047,0.25682290541095687,0.07461578723965218,False
1714871928.9589949,0.20584278681167856,0.22383616047394528,0.21483947364281192,0.2567844590448688,0.04194498540205688,False
1714871929.0208519,0.20236523405520998,0.19832151575026635,0.20034337490273818,0.25673282035855394,0.056389445455815757,False
1714871929.0820549,0.20188574942910367,0.19774508738286134,0.1998154184059825,0.2566807934829118,0.05686537507692929,False
1714871929.146299,0.19270822531103762,0.21955154802128332,0.20612988666616047,0.2566346282712069,0.05050474160504645,False
1714871929.208373,0.20232183242670923,0.218560359738952,0.21044109608283063,0.2565924808878234,0.04615138480499276,False
1714871929.269887,0.20232183242670923,0.20920125289186275,0.20576154265928598,0.2565461445722094,0.050784601912923444,False
1714871929.3321018,0.20177389103132307,0.2400207871029932,0.22089733906715814,0.2565136775362303,0.03561633846907214,False
1714871929.393918,0.21608945466892224,0.21931411792260574,0.21770178629576398,0.25647836189360934,0.038776575597845364,False
1714871929.4565592,0.1491987733615888,0.1482519845150805,0.14872537893833465,0.25638040463637723,0.10765502569804258,False
1714871929.518314,0.13946534952128287,0.12816386592262177,0.1338146077219523,0.256269082386682,0.1224544746647297,False
1714871929.580037,0.189107179407427,0.1964627967148163,0.19278498806112165,0.2562114743156062,0.06342648625448455,True
1714871929.642198,0.1891161104729807,0.20224134916290812,0.1956787298179444,0.2561565942208667,0.06047786440292227,False
1714871929.7046158,0.20793809439652036,0.18316332631438315,0.19555071035545174,0.25610169758693063,0.06055098723147889,False
1714871929.7663229,0.20628741720169944,0.205739498577218,0.2060134578894587,0.2560563688632225,0.050042910973763816,False
1714871929.828822,0.1326392013636882,0.13840913308956662,0.1355241672266274,0.25594738857241184,0.12042322134578443,False
1714871929.893727,0.14209677121036368,0.12626917515967842,0.13418297318502104,0.255837393617229,0.12165442043220798,False
1714871929.955792,0.19652314722732608,0.1799788376554946,0.18825099244141036,0.2557763950602111,0.06752540261880075,True
1714871930.018379,0.20588235294117646,0.20035739133042063,0.20311987213579855,0.2557289139755182,0.05260904183971968,False
1714871930.080748,0.21041153207284727,0.21408252241378117,0.21224702724331423,0.25568974110458836,0.04344271386127413,False
1714871930.1424131,0.22585457336587958,0.22931682645752738,0.22758569991170347,0.2556644449378981,0.028078745026194618,False
1714871930.21502,0.22576138278937913,0.25041319235374154,0.23808728757156034,0.2556486381417053,0.017561350570144962,False
1714871930.278304,0.21575802892989318,0.2612743435915634,0.2385161862607283,0.2556332451031779,0.01711705884244963,False
1714871930.34096,0.225317008498289,0.28744764383513977,0.2563823261667144,0.255633917527831,0.0007484086388834243,False
1714871930.4023209,0.20665720056117806,0.27399422222761616,0.24032571139439712,0.2556201881949759,0.015294476800578771,False
1714871930.464281,0.22576138278937913,0.281213858526054,0.2534876206577166,0.25561827729216474,0.0021306566344481692,False
1714871930.5271628,0.2111872953544557,0.2877787023467031,0.2494829988505794,0.2556127846525572,0.006129785801977816,False
1714871930.590505,0.23533203624704996,0.292921364035856,0.264126700141453,0.25562039996158126,0.00850630017987175,False
1714871930.654899,0.22595211888328878,0.3006642687346895,0.2633081938089891,0.25562727019736986,0.007680923611619261,False
1714871930.717655,0.225101084147303,0.26214772267500897,0.243624403411156,0.25561655335202504,0.011992149940869057,False
1714871930.779378,0.21181801293467237,0.25354276364339356,0.23268038828903298,0.2555960929014782,0.022915704612445242,False
1714871930.842252,0.21138217155662417,0.2409598520254913,0.22617101179105775,0.25556986733899123,0.029398855547933478,False
1714871930.904993,0.22664618199738104,0.2503780108001921,0.23851209639878657,0.25555467787243713,0.017042581473650564,False
1714871930.967021,0.2456934971962138,0.2701716134791496,0.25793255533768167,0.25555679342178345,0.0023757619158982224,False
1714871931.030585,0.25956083251473594,0.2745649208184698,0.2670628766666029,0.2555670210513344,0.011495855615268502,False
1714871931.094113,0.25956083251473594,0.2745649208184698,0.2670628766666029,0.25557723051458064,0.011485646152022244,False
1714871931.156986,0.27732627813141447,0.28185083215686596,0.2795885551441402,0.2555985360377657,0.023990019106374494,False
1714871931.219234,0.29732595799664,0.3147838682149468,0.3060549131057934,0.2556432668684998,0.050411646237293606,False
1714871931.280799,0.3107315753120792,0.3199798158536592,0.3153556955828692,0.25569615653078,0.059659539052089205,False
1714871931.341504,0.29732595799664,0.32285468445530197,0.310090321225971,0.2557442929597138,0.05434602826625723,False
1714871931.4064882,0.30161805537373526,0.30479601132440987,0.30320703334907256,0.25578625824741436,0.04742077510165821,False
1714871931.4680278,0.25942357418312967,0.26643746133805496,0.2629305177605923,0.2557925694307299,0.007137948329862365,False
1714871931.5300858,0.2495849854189022,0.27188416655485476,0.2607345759868785,0.255796931307655,0.004937644679223474,False
1714871931.5919921,0.24060666551389556,0.2512864832912413,0.24594657440256845,0.2557882449259045,0.009841670523336066,False
1714871931.656157,0.2307854243228859,0.24450905567884176,0.23764724000086385,0.25577226166165334,0.018125021660789498,False
1714871931.7188082,0.20236523405520998,0.20420819465881132,0.20328671435701065,0.25572605959536404,0.05243934523835339,False
1714871931.781009,0.15444337695535768,0.15659205853725425,0.15551771774630596,0.25563792560956894,0.10012020786326298,False
1714871931.843482,0.15451991617387714,0.1704862430005819,0.16250307958722954,0.2555560847958411,0.09305300520861154,False
1714871931.905308,0.16343132096641724,0.18566690540654085,0.17454911318647903,0.25548496366185564,0.0809358504753766,True
1714871931.9682298,0.20633166951860654,0.21286336154404045,0.2095975155313235,0.2554447115143727,0.045847195983049205,False
1714871932.031307,0.15729955716699112,0.14059824447855296,0.14894890082277204,0.2553513760098226,0.10640247518705057,False
1714871932.0945752,0.1486609735012724,0.1598721533954863,0.15426656344837936,0.25526286041213314,0.10099629696375378,False
1714871932.158923,0.2062128262700879,0.21257358312406824,0.20939320469707806,0.25522272947974894,0.04582952478267088,True
1714871932.221395,0.20633166951860654,0.21310369509867855,0.20971768230864254,0.2551829523406134,0.045465270031970845,False
1714871932.284704,0.21641669472928424,0.24428033822199707,0.23034851647564064,0.2551612628769758,0.024812746401335184,False
1714871932.346329,0.2449097918459663,0.25484039285492227,0.2498750923504443,0.2551566501627293,0.005281557812285009,False
1714871932.4075022,0.225317008498289,0.24956821978060995,0.23744261413944948,0.25514120636497584,0.01769859222552636,False
1714871932.467511,0.2355577744632178,0.25041319235374154,0.24298548340847967,0.2551306177561287,0.01214513434764905,False
1714871932.528584,0.20782718421293614,0.21884252750420624,0.2133348558585712,0.25509424198424224,0.04175938612567104,False
1714871932.590254,0.15143894390405707,0.16717013484228094,0.15930453937316902,0.2550109465906674,0.0957064072174984,False
1714871932.652736,0.18224147648660372,0.18667401630903818,0.18445774639782095,0.25494964928381003,0.07049190288598908,False
1714871932.715128,0.15789316149389568,0.1704862430005819,0.16418970224723878,0.25487086460756303,0.09068116236032425,False
1714871932.776347,0.1831380198238668,0.21507843389381964,0.19910822685884322,0.254822501521918,0.05571427466307477,False
1714871932.838326,0.2169425198975567,0.23496110714839732,0.225951813522977,0.25479748359470916,0.028845670071732166,False
1714871932.902797,0.20782718421293614,0.2347172450098853,0.22127221461141072,0.25476845738779724,0.03349624277638652,False
1714871932.964589,0.23038614038667896,0.23303955512778496,0.23171284775723194,0.2547485130888089,0.02303566533157697,False
1714871933.026328,0.2122538543127206,0.23045510942960068,0.22135448187116064,0.2547196504862007,0.033365168615040075,False
1714871933.089278,0.20739955445138614,0.2117851297340552,0.20959234209272065,0.25468068044441017,0.045088338351689516,False
1714871933.15218,0.22151283759909784,0.2113935326229861,0.21645318511104197,0.2546476972732856,0.03819451216224365,False
1714871933.214269,0.22572448528364666,0.22093731319413315,0.2233308992388899,0.25462070003360077,0.03128980079471086,False
1714871933.27555,0.20739955445138614,0.2102415161456152,0.20882053529850067,0.2545812511406334,0.04576071584213273,False
1714871933.337392,0.2261688595747368,0.20888040911304545,0.21752463434389113,0.2545493607647326,0.03702472642084148,False
1714871933.399534,0.19701851475831172,0.19017366789205764,0.19359609132518468,0.2544969503868826,0.0609008590616979,False
1714871933.4615328,0.18623871187723298,0.16985077586148928,0.17804474386936114,0.2544312697970909,0.07638652592772976,False
1714871933.523835,0.21564482427890136,0.20763098803392288,0.21163790615641212,0.2543945372961117,0.0427566311396996,False
1714871933.586883,0.19269776645017883,0.19986022351882282,0.19627899498450083,0.25434469549310007,0.058065700508599244,False
1714871933.651573,0.20236523405520998,0.21018722350077254,0.20627622877799126,0.25430350571870836,0.048027276940717095,False
1714871933.7131488,0.22099045208192525,0.2359634292324572,0.2284769406571912,0.2542813939335529,0.025804453276361716,False
1714871933.7749279,0.23096773679912144,0.2442404140548587,0.23760407542699008,0.25426712762174236,0.01666305219475228,False
1714871933.836629,0.2214696710410284,0.25480061690135153,0.23813514397118996,0.25425333960152824,0.016118195630338283,False
1714871933.899353,0.13276175791947845,0.14570690649263465,0.13923433220605655,0.2541551167087908,0.11492078450273427,False
1714871933.963249,0.17580538742193125,0.1704862430005819,0.17314581521125658,0.2540859961443731,0.08094018093311653,False
1714871934.0257869,0.18308948592487773,0.18733745120481599,0.18521346856484686,0.25402728128710156,0.0688138127222547,False
1714871934.088085,0.19618402161273638,0.21257358312406824,0.2043788023684023,0.25398499127098684,0.04960618890258453,False
1714871934.149775,0.2120653564510556,0.23431306913435748,0.22318921279270654,0.2539587820978138,0.03076956930510727,False
1714871934.211901,0.21620197737106173,0.23431306913435748,0.2252575232527096,0.25393437626546256,0.028676853012752967,False
1714871934.2731059,0.21572116678354183,0.23939732268892927,0.22755924473623557,0.25391196748761274,0.026352722751377178,False
1714871934.334309,0.20601520971653023,0.23890473351968816,0.2224599716181092,0.25388526800045697,0.031425296382347756,False
1714871934.3989189,0.23038614038667896,0.23431306913435748,0.23234960476051822,0.25386700195869283,0.02151739719817461,False
1714871934.461685,0.21033055901598416,0.2171861213815347,0.21375834019875944,0.25383301156737087,0.040074671368611425,False
1714871934.5235589,0.16085021158781046,0.15366451086057695,0.1572573612241937,0.25375123709629277,0.09649387587209907,False
1714871934.585529,0.138793726912051,0.14355243342191276,0.14117308016698188,0.25365599330870453,0.11248291314172265,False
1714871934.646846,0.1864951240625712,0.20647295638754792,0.19648404022505955,0.25360766536865076,0.057123625143591206,True
1714871934.708443,0.1861314418029344,0.20647295638754792,0.19630219909524116,0.2535592654815955,0.05725706638635436,False
1714871934.769374,0.21078380673460523,0.22804542745061143,0.21941461709260834,0.25353045143232206,0.03411583433971371,False
1714871934.832437,0.2062128262700879,0.22853801661985254,0.21737542144497024,0.2534999665841034,0.03612454513913316,False
1714871934.89472,0.21012087841454838,0.23890473351968816,0.22451280596711826,0.2534755460612584,0.028962740094140127,False
1714871934.9564722,0.22032256860320204,0.2173399540921557,0.21883126134767888,0.2534463842054389,0.03461512285776003,False
1714871935.018092,0.21033055901598416,0.22874895005700008,0.2195397545364921,0.25341786727552384,0.03387811273903174,False
1714871935.080395,0.17278960529000922,0.16726182677859097,0.1700257160343001,0.253347789837506,0.08332207380320589,False
1714871935.144534,0.16085021158781046,0.16663050945468535,0.1637403605212479,0.25327255270122034,0.08953219217997244,False
1714871935.2063801,0.16714855974232093,0.1708364185335578,0.16899248913793935,0.2532018479499089,0.08420935881196956,False
1714871935.2684631,0.19628212772114959,0.20707482655655662,0.20167847713885312,0.25315865987714187,0.05148018273828875,False
1714871935.329692,0.2062128262700879,0.2173399540921557,0.21177639018112182,0.2531240013598085,0.04134761117868668,False
1714871935.391834,0.2105736742860642,0.21772773601667175,0.21415070515136797,0.253091387722814,0.038940682571446006,False
1714871935.4540281,0.22010292686920618,0.22820695179676348,0.22415493933298483,0.253067193367973,0.028912254034988177,False
1714871935.514962,0.2197965290895453,0.2395668875710239,0.22968170833028462,0.2530476566219098,0.023365948291625194,False
1714871935.576149,0.2105736742860642,0.22853801661985254,0.21955584545295836,0.2530197001852078,0.03346385473224944,False
1714871935.637138,0.22010292686920618,0.23327574149404232,0.22668933418162424,0.2529977399133116,0.026308405731687357,False
1714871935.698486,0.1804782525877998,0.20056587409807228,0.19052206334293603,0.2529456768495029,0.06242361350656689,False
1714871935.760264,0.1637878212047171,0.14654182487891054,0.15516482304181384,0.25286426065149487,0.09769943760968103,False
1714871935.822001,0.1508360396010081,0.15760460923960895,0.15422032442030853,0.25278219414880665,0.09856186972849812,False
1714871935.887275,0.20447653186382672,0.22272140963715703,0.2135989707504919,0.25274962289078645,0.03915065214029456,True
1714871935.948265,0.18984818215714,0.21585335085629445,0.20285076650671724,0.25270817865790934,0.049857412151192104,False
1714871936.0092978,0.22010292686920618,0.23310322150878202,0.2266030741889941,0.25268651467079817,0.026083440481804054,False
1714871936.0704389,0.2105736742860642,0.22200306810360193,0.21628837119483307,0.2526563337889773,0.03636796259414421,False
1714871936.132391,0.2200578618739871,0.23377962839496053,0.2269187451344738,0.2526350101861152,0.02571626505164143,False
1714871936.1955452,0.23045510942960068,0.22869988986641612,0.2295774996480084,0.2526159228429546,0.0230384231949462,False
1714871936.25838,0.2301343007295751,0.2558070425685358,0.24297067164905545,0.2526079449676908,0.009637273318635342,False
1714871936.321014,0.24528753556537364,0.25626874877395417,0.2507781421696639,0.25260643273397343,0.0018282905643095537,False
1714871936.383786,0.24528753556537364,0.26660084742176265,0.2559441914935682,0.2526091889344355,0.0033350025591326604,False
1714871936.4452338,0.22919197298739477,0.25576523452456057,0.24247860375597768,0.2526008303658064,0.0101222266098287,False
1714871936.5074282,0.2400207871029932,0.25626874877395417,0.24814476793847368,0.25259715677765526,0.004452388839181587,False
1714871936.569578,0.2395883540132582,0.2664036817243223,0.2529960178687903,0.25259748532880116,0.000398532539989116,False
1714871936.6355882,0.2396584132287637,0.2499354588862357,0.2447969360574997,0.2525910651236396,0.00779412906613991,False
1714871936.697885,0.25,0.2727272727272727,0.26136363636363635,0.2525982794091988,0.008765356954437531,False
1714871936.760872,0.24422779450745252,0.26129616156288277,0.25276197803516764,0.2525984139191626,0.00016356411600504384,False
1714871936.823307,0.2547665563010375,0.2736019515247691,0.26418425391290334,0.25260792610306554,0.011576327809837805,False
1714871936.887042,0.24603490035519854,0.2727272727272727,0.2593810865412356,0.2526134824282814,0.006767604112954184,False
1714871936.9493618,0.2547665563010375,0.2727272727272727,0.2637469145141551,0.2526226081922862,0.011124306321868893,False
1714871937.012587,0.2602409690659467,0.29069767441860467,0.2754693217422757,0.2526413196693951,0.02282800207288055,False
1714871937.075202,0.2547665563010375,0.29069767441860467,0.2727321153598211,0.25265776058239875,0.020074354777422365,False
1714871937.136511,0.27585628061719647,0.2906190968595482,0.2832376887383723,0.2526827646119621,0.0305549241264102,False
1714871937.199548,0.26078967969543443,0.27906976744186046,0.2699297235686474,0.2526968552647045,0.01723286830394294,False
1714871937.263229,0.2671771513075027,0.2840175669161769,0.2755973591118398,0.2527155495535593,0.022881809558280508,False
1714871937.325998,0.2552812945083182,0.27906976744186046,0.26717553097508934,0.2527273439919129,0.014448186983176459,False
1714871937.3914728,0.27638835211009377,0.29069767441860467,0.2835430132643492,0.2527524586367967,0.030790554627552535,False
1714871937.4545228,0.27585628061719647,0.30277214895820115,0.2893142147876988,0.2527822320538577,0.03653198273384112,False
1714871937.515973,0.26078967969543443,0.2731636910273329,0.26697668536138364,0.2527937816497141,0.014182903711669526,False
1714871937.577615,0.2552812945083182,0.2727272727272727,0.2640042836177955,0.25280289587895644,0.011201387738839053,False
1714871937.639145,0.26411720704304115,0.2892441994985397,0.2766807032707904,0.2528222929605095,0.02385841031028091,False
1714871937.7014542,0.2556375553341393,0.2844901105587965,0.2700638329464679,0.2528362877169916,0.017227545229476282,False
1714871937.7639549,0.25984405299443114,0.27813583085596627,0.2689899419251987,0.2528493888152951,0.016140553109903588,False
1714871937.82658,0.2701716134791496,0.2781712639790935,0.27417143872912153,0.2528666676239773,0.021304771105144227,False
1714871937.8888,0.2508004877037242,0.26666666666666666,0.2587335771851954,0.252871418158035,0.0058621590271604185,False
1714871937.950294,0.2113157781463618,0.2222222222222222,0.21676900018429202,0.25284220908200444,0.03607320889771243,False
1714871938.011895,0.18386294561202363,0.1814402674269938,0.1826516065195087,0.25278546647686095,0.07013385995735225,False
1714871938.073407,0.18286104868347125,0.1776602618555981,0.18026065526953466,0.25272688423840595,0.07246622896887128,False
1714871938.138586,0.17944156609363435,0.17062257748298548,0.17503207178830993,0.2526641765608837,0.07763210477257376,False
1714871938.201477,0.1695808618597931,0.18058646380123236,0.17508366283051274,0.25260161163045597,0.07751794879994323,False
1714871938.264761,0.16275972779833237,0.1842386238585451,0.1734991758284387,0.25253787074745676,0.07903869491901805,False
1714871938.327349,0.1797271749214454,0.17399831144747802,0.1768627431844617,0.2524769406930582,0.07561419750859649,False
1714871938.390941,0.1655977429214466,0.18801953772000926,0.17680864032072793,0.25241606514971765,0.07560742482898972,False
